_id;x1;x2;x3;x4;x5;x6;x7;x8;x9;x10;treated;ps
0;0;0;0;0;0;1;0;1;1;0;0;0,44855132802133263
1;0;1;0;1;0;1;1;0;0;1;0;0,28552970709091696
2;1;0;0;1;0;0;0;0;1;1;0;0,4159149539664061
3;0;1;0;1;1;0;1;1;0;0;0;0,2746081640590933
4;0;1;0;0;0;1;0;1;0;1;0;0,3490780571151397
5;1;1;1;1;0;0;0;1;1;0;1;0,4261256232637752
6;0;1;0;1;1;0;1;1;0;1;0;0,31678877263052746
7;0;1;0;1;0;0;0;0;1;0;1;0,3344665866360278
8;1;1;0;1;1;1;0;0;1;1;1;0,3788688014704407
9;1;0;1;1;1;0;0;0;1;0;0;0,3598653382533017
10;1;0;0;1;1;1;0;1;1;0;0;0,4260985265183042
11;0;1;0;0;0;0;0;1;1;1;0;0,4601711695230926
12;0;0;0;0;0;1;0;1;1;0;0;0,44855132802133263
13;0;0;0;0;1;0;1;1;0;1;0;0,3483204635230829
14;0;1;0;1;0;1;0;1;1;1;1;0,4635978699023721
15;1;0;0;1;0;0;1;1;1;1;1;0,495836533416727
16;1;0;1;0;0;0;0;1;0;0;1;0,3391794275465625
17;0;0;1;1;0;1;1;0;1;0;0;0,391883712332728
18;1;1;1;1;1;0;0;1;1;1;1;0,452719377373086
19;0;0;0;0;1;0;0;1;1;1;0;0,463436984073094
20;1;0;1;1;0;1;1;1;1;1;1;0,5231201545445471
21;1;0;1;1;1;1;0;0;1;1;0;0,4194149024224581
22;1;0;0;0;1;0;0;1;0;0;0;0,3051293907094253
23;0;1;1;1;1;1;0;0;1;0;1;0,3376773888126934
24;0;1;1;1;0;1;1;0;1;1;0;0,414703710749656
25;0;1;1;0;1;1;1;1;1;1;1;0,471589560552494
26;1;1;1;1;0;1;0;1;0;0;0;0,31840382042365445
27;0;1;1;0;0;1;1;0;1;1;0;0,4230254489650223
28;1;1;1;1;1;0;1;1;1;0;0;0,4107204426350154
29;1;0;0;1;0;1;0;0;1;0;1;0,3788602595337455
30;1;0;0;1;1;1;0;0;1;0;1;0,3568185573223736
31;0;1;0;1;0;0;1;1;0;1;0;0,3376558612398812
32;0;1;0;1;1;0;0;0;1;1;0;0,3589176898665287
33;1;1;0;1;1;1;0;0;1;0;0;0,33244435738441225
34;0;0;0;0;1;1;1;1;0;1;0;0,3592881829780611
35;1;0;1;0;0;0;1;1;0;1;1;0,3934922843329556
36;0;0;0;0;1;0;0;1;0;0;0;0,2971874525578367
37;1;1;1;1;1;1;1;1;1;0;0;0,42237950230969196
38;1;0;0;0;0;0;0;1;1;0;1;0,4460203679236902
39;0;1;0;1;1;1;0;0;0;1;1;0,2604741977187395
40;1;1;0;1;1;0;0;1;1;1;1;0,4375982832261691
41;0;0;1;1;1;1;0;1;0;0;0;0,313089629909187
42;0;0;1;1;1;1;1;1;0;1;0;0,36553567058006
43;0;1;0;1;1;1;1;0;0;1;0;0,2665874283707033
44;0;0;0;1;0;0;0;1;0;0;0;0,31000319254310266
45;1;0;1;1;0;1;1;1;1;0;1;0,4724650666591874
46;0;1;1;0;1;0;0;1;1;1;0;0,4518401304551242
47;0;1;0;1;0;0;0;1;0;1;0;0,3306476551031879
48;0;0;0;1;0;1;0;1;1;0;1;0,4401104762830242
49;0;1;0;1;1;1;1;1;0;0;1;0,28426731393890314
50;1;1;0;1;1;0;1;0;0;0;1;0,22705042327503466
51;1;0;0;0;0;1;0;0;1;0;1;0,38693823911513386
52;1;1;1;0;0;0;0;0;1;1;0;0,4128726158919169
53;1;1;1;1;1;0;0;1;0;0;0;0,2882491402532486
54;1;0;1;1;1;0;0;0;0;1;0;0,29223240294669844
55;0;1;0;0;0;1;0;0;0;0;0;0,24651163320704805
56;1;0;1;0;0;1;1;1;0;1;1;0,4049984059390456
57;0;1;1;1;1;1;0;1;0;0;1;0,2903540586091065
58;1;0;0;0;0;0;0;1;1;0;1;0,4460203679236902
59;0;1;0;0;0;0;1;1;1;0;1;0,4180089434111755
60;0;0;1;0;0;1;0;0;1;0;1;0,3925246784341295
61;1;1;1;0;0;1;0;1;0;0;0;0,32586903025945435
62;1;0;1;0;0;0;0;1;0;1;0;0,3860005566300363
63;1;1;1;1;1;1;0;1;0;1;1;0,34228458454186883
64;1;1;1;0;1;0;0;0;1;0;0;0,3430545776163697
65;0;1;1;0;1;0;0;0;0;1;0;0,2697154949049158
66;0;0;0;1;1;1;0;1;0;1;0;0,34431077945092703
67;0;1;1;1;1;1;0;0;0;0;0;0,234140489704207
68;1;0;0;1;1;0;0;1;0;0;0;0,2979293216661976
69;1;0;0;0;0;0;1;0;0;0;0;0,27128910041520843
70;1;1;0;1;1;1;0;1;1;0;1;0,3999345267632852
71;0;1;0;1;1;0;0;1;1;1;0;0,4283338026519684
72;0;0;0;1;0;0;0;0;1;0;0;0,3589093378277296
73;1;0;1;0;1;1;0;0;1;0;1;0,3790021918544609
74;1;1;0;0;1;1;1;1;1;1;0;0,4657405788479229
75;1;1;0;1;0;1;1;0;0;1;0;0,293290115082795
76;1;0;1;1;0;0;0;1;0;1;0;0,3779300850408862
77;1;1;0;1;1;0;0;1;1;0;0;0,3884783407039389
78;0;1;0;1;1;1;1;1;0;0;1;0,28426731393890314
79;1;0;1;0;0;1;1;0;0;0;0;0,2934076080831681
80;0;0;0;1;0;1;1;0;1;1;0;0,4260883070498717
81;0;0;0;0;0;0;0;0;1;0;1;0,3668131410809002
82;0;1;1;0;0;1;0;0;0;0;0;0,2580595593879934
83;1;1;0;1;0;0;0;1;0;1;1;0,33905240056164554
84;0;0;1;1;1;0;1;0;0;0;0;0,2509405200970204
85;0;1;1;0;0;1;1;1;0;0;1;0,3245001325282117
86;0;0;0;1;1;1;0;0;1;1;1;0,3955267625171984
87;1;1;1;0;0;1;0;1;1;0;0;0,4463292653953431
88;0;0;0;0;0;1;1;1;1;0;0;0,4563547566436663
89;1;1;0;1;1;1;1;0;1;1;1;0,38630919968652
90;1;1;1;1;0;0;1;0;0;0;0;0,2555923402533664
91;0;0;1;0;0;0;1;0;0;0;0;0,2759574271397674
92;0;1;0;1;0;0;0;0;0;1;0;0,2695967215901981
93;1;0;1;1;0;1;0;0;1;1;1;0,4426621107480532
94;1;1;1;1;0;1;0;0;1;1;1;0,4162186665826985
95;1;0;0;0;0;0;0;1;0;1;1;0,3715948297541792
96;1;1;0;0;1;0;0;0;1;0;0;0,3293917815399517
97;1;1;1;0;0;1;1;0;0;1;0;0,3134489515678373
98;0;1;1;1;0;0;0;0;1;1;1;0,3955532550928408
99;0;1;0;0;0;0;0;0;1;1;0;0,3891073670846133
100;1;0;0;1;1;1;1;0;0;0;0;0,25557125819022763
101;0;1;1;0;1;0;1;1;1;0;1;0,4098616769730882
102;1;0;1;0;0;0;1;1;1;0;0;0,4690301341926377
103;0;0;0;1;1;1;0;1;0;0;0;0,3000751263397219
104;0;1;1;1;1;1;1;1;1;1;0;0,4630792351388456
105;1;1;1;0;1;0;1;1;1;1;0;0,4690391739584309
106;1;1;1;1;1;0;1;0;1;0;0;0,34244885440367817
107;0;0;0;1;0;1;1;0;0;1;1;0,3080515004527835
108;1;1;0;1;1;0;1;0;0;1;0;0,2645905656179613
109;0;1;0;0;0;1;1;0;1;0;0;0,3602245790690968
110;0;1;1;1;0;0;0;0;1;1;0;0,3955532550928408
111;0;1;1;0;0;1;1;1;1;1;1;0,4952617684281443
112;0;0;1;0;0;1;0;1;0;1;1;0,3884297372204152
113;0;0;1;1;0;0;0;1;0;1;0;0,3690997925788102
114;1;0;1;1;0;0;1;1;0;0;1;0,3385770202244516
115;1;0;1;1;0;0;1;0;0;1;1;0,3190249451708403
116;0;0;1;0;0;1;1;0;1;1;0;0,4495683151935499
117;1;1;0;1;1;1;0;0;0;1;0;0,2678088791452637
118;0;0;1;1;0;1;1;0;1;0;1;0,391883712332728
119;1;0;0;0;1;1;0;1;1;0;1;0,4344791841269201
120;1;1;0;0;1;1;0;0;1;0;0;0,3400745120023036
121;0;1;0;0;0;1;1;1;0;1;0;0,3562689812929459
122;0;0;1;0;1;1;0;0;0;1;0;0,3015051553072126
123;1;0;1;1;1;1;0;0;1;0;1;0,3709896315753136
124;0;1;0;0;0;0;0;0;0;0;0;0,2377093091933601
125;0;1;1;1;1;0;0;1;0;1;0;0,32325736456021426
126;1;0;0;0;0;1;1;0;1;1;1;0,4437630856947291
127;0;1;1;1;0;0;0;1;0;1;0;0,3443357957096089
128;1;0;1;1;1;1;1;1;0;1;1;0,3743312871834573
129;0;1;1;1;1;1;1;0;0;1;1;0,2787279213482713
130;1;0;0;0;1;0;0;1;1;0;0;0,4227305642144949
131;1;1;1;0;0;0;1;1;1;0;0;0,4422614596853989
132;1;1;1;1;0;1;1;1;1;0;0;0,4456648966321781
133;0;0;1;1;0;1;0;1;1;1;1;0,5058272399829523
134;1;0;0;1;0;0;1;0;1;1;0;0,4235867354574027
135;1;1;1;0;0;1;0;1;0;0;1;0,32586903025945435
136;0;0;0;1;0;0;1;1;1;1;0;0,4864054434651026
137;0;1;0;0;0;0;1;0;1;1;1;0,396620442847845
138;0;1;0;1;1;1;1;0;1;1;0;0,37740190562512826
139;1;1;1;1;1;0;1;1;1;1;0;0,4605347604954128
140;0;1;1;1;1;1;1;0;1;1;0;0,3918923626417748
141;1;1;1;0;0;1;1;0;1;1;1;0,4322619312091512
142;1;1;0;1;1;1;1;0;0;1;1;0,2740304648910364
143;1;0;0;0;1;0;1;1;0;1;1;0,3569348832796614
144;1;0;0;1;1;0;1;0;1;0;0;0,3530463567410192
145;1;1;1;1;0;0;0;0;0;1;0;0,2895220632855855
146;0;1;1;1;0;1;1;1;0;0;0;0,31705153349039034
147;1;0;0;0;1;1;1;0;1;0;1;0,3720313372326688
148;0;1;0;1;1;1;0;0;0;1;0;0,2604741977187395
149;1;1;0;0;0;1;0;0;0;0;0;0,25358796424143903
150;1;1;0;0;0;1;0;1;0;0;0;0,3125650312305265
151;1;0;1;0;1;0;0;0;0;1;0;0,2993534982403381
152;0;1;0;1;1;1;1;0;1;0;0;0,3310614029590518
153;1;1;0;1;0;0;1;0;1;0;0;0,35005095000044023
154;0;0;0;0;1;1;1;0;1;0;1;0,3632583861150736
155;1;1;1;0;0;0;0;0;0;1;1;0,2966047909208862
156;0;1;1;0;1;1;0;0;0;1;0;0,27926880394140297
157;1;1;1;0;0;0;0;1;1;0;1;0,4345064103203629
158;1;0;1;0;0;0;1;0;0;0;0;0,2835609252100008
159;1;1;1;1;1;1;1;1;1;1;1;0,4724741137183651
160;0;1;0;0;1;1;0;1;0;1;0;0,3278544876934729
161;1;0;0;0;0;0;1;0;0;1;0;0,3131799994632181
162;1;1;0;1;1;1;0;1;0;0;1;0,2855382326259603
163;1;1;0;1;0;1;0;0;1;0;0;0,3538086485729197
164;1;1;0;0;0;0;0;0;1;0;0;0,35066294891743577
165;0;1;0;0;0;1;1;1;0;0;0;0,3112262190866173
166;0;1;1;0;0;1;0;0;1;1;1;0,4153565078998103
167;1;1;1;0;0;0;1;0;1;0;0;0,3720572247174584
168;0;0;1;1;0;0;0;1;0;1;0;0,3690997925788102
169;0;1;1;1;0;0;0;1;1;0;1;0,4169239715974473
170;1;0;0;1;1;0;1;0;0;0;0;0,24655128969622214
171;0;0;0;0;0;0;1;1;1;1;1;0,494949279243188
172;1;1;1;0;1;1;1;0;0;0;0;0,2531933735900806
173;0;0;1;1;0;0;0;0;1;1;0;0,4216320247374556
174;1;0;0;1;0;1;0;1;0;1;0;0,3748199137617941
175;1;0;1;1;1;0;0;1;1;0;1;0,42934198546566493
176;1;0;0;0;0;1;0;0;1;0;1;0,38693823911513386
177;0;0;1;1;0;1;0;1;1;0;1;0,4552481098689761
178;0;0;0;1;0;0;1;0;0;1;1;0,2979205804333067
179;0;1;1;0;0;1;0;1;1;0;0;0,4370235766109252
180;0;0;1;1;1;0;0;0;1;0;0;0,3512188209882125
181;1;1;0;0;0;1;0;0;1;1;0;0,4096642575925834
182;1;1;1;0;1;0;0;1;1;0;0;0,4113713765576439
183;0;1;1;0;1;0;0;0;1;0;0;0,3346008467977786
184;1;0;0;1;0;1;0;1;1;0;1;0,4494294222620863
185;1;1;1;0;1;1;1;0;0;1;0;0,29341513348430737
186;1;0;0;1;0;1;1;0;1;1;0;0,4353412056149691
187;0;1;1;1;1;1;0;1;0;1;0;0,3338401859809365
188;0;0;0;0;1;1;0;1;1;1;0;0,4753852746313159
189;1;0;0;0;1;1;0;0;0;1;0;0,2965816737872719
190;1;0;0;1;1;0;0;0;1;1;1;0,3930817254761093
191;0;1;1;0;1;1;0;0;1;0;0;0,3453655119859339
192;1;1;0;1;1;1;0;1;0;1;0;0,32863711400485884
193;0;0;0;0;1;1;1;1;0;0;0;0,3140499288889575
194;1;0;0;1;1;0;1;1;1;0;0;0,4220745444364975
195;0;1;0;0;0;0;1;0;1;1;0;0,396620442847845
196;1;1;0;1;1;1;1;0;0;1;0;0,2740304648910364
197;0;0;0;1;1;1;0;1;1;1;0;0,4668669713642664
198;1;1;0;1;1;0;1;0;0;0;0;0,22705042327503466
199;1;1;1;1;1;1;1;0;1;0;0;0,3533319324367834
200;0;0;1;0;0;0;0;0;1;0;0;0,381145928992317
201;1;0;1;0;1;1;0;1;0;0;0;0,32876217982571376
202;1;1;0;0;0;1;1;1;0;0;0;0,3193728406089853
203;0;1;1;0;0;1;1;1;0;1;0;0,3704307997152277
204;1;1;0;1;1;0;1;1;1;0;0;0,3959871437928044
205;1;0;1;0;0;1;0;0;0;1;1;0,3301310278756959
206;1;0;0;0;1;1;1;0;0;0;0;0,2621298622841558
207;0;1;0;0;0;1;1;0;1;0;0;0,3602245790690968
208;1;0;0;1;0;0;1;0;0;0;0;0,26458350267155456
209;1;0;1;0;0;0;0;0;0;0;1;0,27720558271999823
210;1;1;0;1;0;0;1;1;1;1;0;0,4688889826873222
211;1;1;0;0;1;0;1;1;1;1;1;0,4538249981241493
212;1;1;0;1;1;0;0;1;0;0;0;0,27585254199242143
213;0;0;1;1;1;1;1;0;0;0;0;0,2600656403809077
214;0;1;1;1;0;1;0;1;0;0;0;0,31027064892628264
215;0;0;1;1;1;0;1;1;0;0;1;0,3095572243886613
216;0;0;0;0;1;1;1;1;1;0;0;0,4329470554846752
217;0;1;1;0;0;1;1;1;1;0;0;0,4447882155475594
218;0;0;0;0;0;0;1;0;1;1;1;0,42272036602479096
219;1;0;1;0;1;0;0;0;1;1;0;0,4160614695610928
220;1;1;0;1;1;0;1;0;0;0;0;0,22705042327503466
221;1;1;0;1;0;1;1;1;1;0;0;0,43059404021839015
222;0;0;1;1;0;1;0;0;0;1;0;0,3144237900154065
223;0;1;1;1;0;0;1;1;0;1;0;0,35148178033042005
224;0;0;0;0;0;0;1;1;0;0;1;0,3242261761375118
225;0;0;0;1;0;1;0;1;0;0;1;0,32035750582200384
226;1;0;0;1;0;1;1;0;0;0;1;0,2740232438510215
227;0;0;1;0;1;1;0;1;1;0;1;0,4402590906991828
228;1;1;0;1;1;0;0;0;0;1;0;0,2585069858919733
229;1;0;1;1;0;0;1;1;0;0;0;0,3385770202244516
230;1;0;0;1;1;0;0;0;0;1;0;0,27973182503925803
231;1;0;0;0;1;1;0;1;1;1;0;0,4848043868252941
232;1;1;1;0;1;0;1;1;0;1;1;0,3462831340923672
233;1;0;0;1;1;1;1;0;1;1;0;0,4121941224111948
234;0;0;0;0;0;1;1;0;0;1;0;0,3153863022560931
235;0;1;0;1;1;1;0;1;0;1;0;0,3203654090467242
236;1;1;1;1;0;1;1;0;1;0;0;0,3752839252161523
237;0;1;0;0;1;0;0;1;0;1;1;0,3173710148782601
238;1;1;1;1;0;1;0;0;0;1;1;0,29948921571613674
239;0;0;0;1;0;1;1;0;1;0;1;0,37739337666639095
240;0;1;0;1;1;1;0;0;1;0;1;0,32412308901018894
241;1;0;0;0;1;1;0;1;0;1;0;0,3607254656312555
242;1;1;0;0;1;1;0;0;1;1;1;0,3869468497214165
243;0;1;1;1;1;0;0;1;1;1;0;0,4433871510322948
244;1;0;1;1;1;0;1;1;0;1;0;0,36316464475771776
245;0;0;0;0;1;0;1;1;0;0;0;0,3038083521388696
246;0;0;1;0;1;1;0;1;0;1;0;0,3661594901064665
247;0;1;0;1;0;0;1;1;0;0;0;0,2938919796849203
248;1;1;0;0;0;1;0;0;1;1;0;0,4096642575925834
249;0;1;0;1;0;1;0;0;0;0;0;0,2402165857024304
250;0;1;1;0;0;0;0;0;0;0;0;0,24898114277301264
251;0;1;1;0;1;0;0;1;0;1;0;0,3307811442017577
252;1;0;1;1;0;0;0;1;1;1;1;0,5032680432768438
253;1;1;0;0;1;1;0;1;0;1;0;0,3362238975075338
254;0;1;0;1;1;0;0;0;0;1;0;0,2513396114842193
255;0;1;0;1;1;1;0;0;0;1;0;0,2604741977187395
256;0;1;0;0;1;1;1;0;1;1;0;0,3854680873078788
257;1;0;1;1;1;1;0;1;0;0;0;0,32126227724473105
258;1;1;0;1;1;1;1;0;0;1;0;0,2740304648910364
259;0;1;1;1;0;0;0;1;1;1;0;0,4668945515087698
260;1;1;1;0;0;1;0;0;0;0;0;0,2653506440656954
261;0;1;1;0;0;0;0;1;0;1;0;0,352094925635954
262;1;0;1;1;0;0;0;0;0;0;0;0,2704080107695399
263;0;1;0;1;1;0;1;1;0;0;0;0,2746081640590933
264;1;0;1;0;0;1;1;1;0;1;0;0,4049984059390456
265;0;0;1;0;0;1;1;0;1;0;0;0,4000605263834488
266;0;0;0;0;1;0;0;0;1;1;0;0,39223529193504425
267;1;0;1;1;0;0;1;1;1;0;0;0,4605257424725953
268;1;1;0;0;1;1;1;0;0;0;1;0,24179223941400566
269;0;0;0;0;1;1;0;0;1;0;1;0,3560044065077197
270;1;1;1;1;1;1;1;0;1;1;0;0,4009214254913436
271;0;1;1;1;1;0;1;0;1;0;1;0,3340024612174022
272;0;1;0;1;1;0;1;0;0;0;1;0,2204958610040634
273;1;1;1;1;1;0;0;0;0;0;0;0,2323096853452964
274;0;1;1;0;1;0;0;0;1;1;1;0,381154490839686
275;0;1;1;1;0;0;1;1;0;1;0;0,35148178033042005
276;1;1;1;0;1;0;0;0;1;0;0;0,3430545776163697
277;1;1;1;1;1;0;1;0;0;0;0;0,2379746144461865
278;0;1;1;0;0;1;0;1;0;0;0;0,317634034153711
279;1;0;1;0;1;1;1;1;0;0;0;0,33575046841046724
280;1;1;0;0;1;0;0;1;1;1;1;0,4460293367458011
281;1;0;0;0;0;1;1;0;1;1;0;0,4437630856947291
282;1;0;0;1;1;0;0;0;1;1;0;0,3930817254761093
283;0;1;1;0;0;1;0;0;1;0;1;0,3671035337510488
284;1;0;1;0;0;0;1;1;1;1;0;0,5196797383321275
285;0;1;0;0;1;1;0;0;0;1;0;0,2671134766564093
286;1;0;0;1;0;1;0;1;0;0;0;0,3286291053918922
287;1;1;1;0;1;0;0;1;1;1;0;0,4612028534799086
288;1;1;1;0;1;0;0;0;0;1;1;0,2772128555986973
289;0;0;0;0;0;0;0;1;1;1;1;0,4870771810609781
290;0;1;1;1;1;1;0;0;1;1;1;0,3844117894040312
291;1;0;0;0;0;0;1;0;0;0;1;0,27128910041520843
292;0;1;0;0;1;0;1;1;0;0;0;0,2814705867636082
293;0;1;1;0;1;0;1;1;1;0;1;0,4098616769730882
294;1;0;1;0;0;1;0;1;0;0;1;0,35001391010610805
295;0;0;1;0;1;0;1;0;1;1;1;0,4145466795957509
296;0;1;1;1;1;1;0;0;1;0;0;0,3376773888126934
297;1;0;0;0;1;1;1;1;1;1;1;0,4926750349730705
298;0;0;0;0;1;0;0;0;1;0;1;0,3450829391155975
299;1;0;0;1;0;1;1;1;0;0;1;0,33561597962499
300;1;0;0;1;1;1;0;0;1;1;0;0,4045838502171458
301;0;1;0;1;0;0;1;1;0;1;1;0,3376558612398812
302;0;0;1;0;1;0;0;0;0;0;0;0,2514462783476646
303;0;1;0;1;1;1;1;1;1;1;0;0,4478953033191323
304;1;1;0;0;0;1;0;1;1;0;0;0,4312534205989811
305;1;0;1;1;0;1;1;1;1;1;1;0,5231201545445471
306;1;0;1;1;0;1;1;1;0;1;1;0,39678741655977146
307;0;0;1;0;1;1;0;1;0;1;0;0,3661594901064665
308;0;0;0;0;1;0;0;0;1;1;0;0,39223529193504425
309;1;0;0;0;1;1;0;1;1;1;1;0,4848043868252941
310;0;1;1;1;0;1;0;0;1;1;1;0,4070791926769381
311;0;1;1;0;1;1;0;1;0;0;1;0,2974486185682106
312;1;0;0;0;1;0;1;0;1;1;0;0,4088577662286035
313;1;1;1;0;0;1;0;0;0;0;0;0,2653506440656954
314;1;1;1;1;1;1;1;1;1;1;1;0,4724741137183651
315;0;1;0;0;0;0;0;0;1;0;0;0,34211936805970955
316;1;0;0;1;0;0;0;1;0;1;1;0,3636471670323266
317;0;1;1;0;0;0;1;1;0;1;1;0,3593136911092735
318;0;1;1;0;0;0;1;0;1;0;1;0,36328401629569534
319;1;1;0;0;0;1;0;1;0;0;1;0,3125650312305265
320;1;1;0;0;1;1;1;1;1;0;1;0,4157971762561433
321;0;1;1;0;0;0;0;0;0;1;0;0,28879251756331525
322;0;0;0;1;1;0;0;1;1;1;1;0,4549471125566367
323;1;0;1;0;0;1;1;1;0;1;1;0,4049984059390456
324;0;1;0;0;0;0;0;0;1;1;0;0,3891073670846133
325;1;1;0;1;0;1;0;1;1;0;1;0,4228884561763929
326;0;0;0;0;0;1;1;0;0;1;0;0,3153863022560931
327;1;1;0;0;0;0;1;0;0;1;1;0,2904406405179497
328;1;0;1;1;1;0;1;0;1;1;1;0,41540835169380935
329;0;0;1;1;1;1;1;0;1;0;1;0,3695350926851576
330;0;0;1;0;0;0;0;1;0;0;0;0,3307731090826885
331;1;1;0;1;1;1;0;1;1;0;0;0,3999345267632852
332;0;0;0;0;0;1;1;1;0;1;0;0,3813919788815525
333;1;0;0;1;1;1;0;1;0;0;0;0,3080604085071684
334;0;0;1;0;1;1;1;0;1;1;0;0,4262357911674348
335;1;1;1;0;1;0;0;0;1;0;0;0,3430545776163697
336;1;1;1;1;1;0;1;1;0;1;1;0,33858514900450865
337;0;0;0;1;1;0;1;0;1;1;0;0,3915944937649994
338;0;0;0;1;0;1;0;0;1;0;1;0,3700211611786492
339;0;1;1;1;0;0;0;0;1;0;1;0,3482305737947388
340;1;0;0;0;1;1;0;1;1;0;0;0,4344791841269201
341;1;0;1;0;0;1;1;1;1;1;0;0,5316413296015344
342;1;0;0;1;1;1;1;1;0;1;0;0,3601056442668287
343;1;1;1;0;1;1;1;0;1;0;1;0,3611821090861791
344;0;0;0;0;1;1;0;0;1;1;0;0,4037291246934685
345;1;0;0;1;1;1;1;1;0;0;0;0,3148150364712327
346;0;0;1;1;1;1;0;1;1;0;1;0,4318520812360749
347;1;1;0;1;0;1;1;1;0;0;0;0,31198757625316753
348;0;1;1;1;0;1;1;1;0;0;1;0,31705153349039034
349;1;0;0;0;1;1;1;1;1;0;0;0,4422341275744157
350;0;0;1;0;1;1;1;0;1;1;1;0,4262357911674348
351;0;1;0;1;0;0;1;1;1;0;1;0,4097158127685189
352;0;0;1;0;0;1;0;1;1;0;0;0,4637388193581271
353;1;0;0;1;0;1;0;1;1;1;0;0,4999553913233941
354;1;0;1;1;0;1;1;1;1;0;1;0,4724650666591874
355;1;0;1;1;0;1;0;1;1;0;0;0,4646215948841956
356;1;0;1;0;0;0;1;0;0;1;1;0,32649774190378805
357;1;1;1;1;0;0;1;1;0;1;0;0,360131177813495
358;1;0;0;1;1;0;1;1;1;0;1;0,4220745444364975
359;0;0;0;0;1;1;1;0;1;1;1;0,4113344262924787
360;1;1;1;1;1;1;1;1;1;0;1;0,42237950230969196
361;0;0;1;1;0;0;0;1;0;1;1;0,3690997925788102
362;0;0;0;0;0;1;0;1;0;0;0;0,3278464888390561
363;0;0;0;1;0;1;1;0;0;1;1;0,3080515004527835
364;1;1;0;1;0;1;0;1;0;0;0;0,3052665858849131
365;0;1;0;1;1;1;1;0;0;1;0;0,2665874283707033
366;1;1;0;1;1;1;1;0;1;0;0;0,33947133161080256
367;0;1;1;0;0;0;0;1;0;0;0;0,30732794215599113
368;1;0;0;1;1;0;0;0;0;0;0;0,24074669695948045
369;1;0;0;0;1;0;1;1;0;1;0;0,3569348832796614
370;0;1;1;1;1;0;1;1;1;1;0;0,4511742431351322
371;1;1;0;0;1;0;0;1;0;0;0;0,28273394101160343
372;1;1;1;1;0;1;0;0;1;1;1;0,4162186665826985
373;1;0;0;1;1;0;0;1;0;0;1;0,2979293216661976
374;1;1;0;1;1;1;0;1;1;1;1;0,4494384040204485
375;1;0;0;1;1;0;0;1;0;1;0;0,3420032155052521
376;0;1;0;0;0;0;1;1;1;0;1;0,4180089434111755
377;1;0;0;0;1;0;0;1;0;0;0;0,3051293907094253
378;1;1;1;0;1;0;0;0;0;0;0;0,2384625597026589
379;0;0;1;0;0;0;1;1;1;1;1;0,5102541271246389
380;1;1;0;1;0;0;1;1;1;0;0;0,41887266318430894
381;1;1;1;1;1;0;0;0;0;0;0;0,2323096853452964
382;1;0;1;1;1;0;1;0;0;0;0;0,2581004372540961
383;1;0;0;0;1;1;0;1;1;1;1;0,4848043868252941
384;0;1;1;0;1;0;1;1;0;0;0;0,2940171479033916
385;0;0;0;1;0;1;0;1;1;0;0;0,4401104762830242
386;0;0;0;1;1;0;0;1;1;1;0;0,4549471125566367
387;0;1;0;0;0;1;0;1;0;1;0;0,3490780571151397
388;1;1;0;1;1;0;1;0;0;0;0;0,22705042327503466
389;0;0;0;1;1;1;0;0;1;1;0;0,3955267625171984
390;1;0;0;1;0;0;0;0;1;1;0;0,4159149539664061
391;1;1;0;0;1;0;0;0;1;0;1;0,3293917815399517
392;0;0;0;1;1;1;0;0;1;0;1;0,3482054248490711
393;1;0;0;0;1;1;0;0;1;1;0;0,41284575561868414
394;1;0;1;0;1;0;0;0;1;1;0;0,4160614695610928
395;1;0;0;1;0;0;0;0;0;0;0;0,2585000282574673
396;1;1;1;1;0;1;1;1;1;1;1;0,4961490324749242
397;1;1;1;1;1;1;1;1;0;1;1;0,3494106857974581
398;0;1;1;1;0;0;1;0;1;1;1;0,4031086637755839
399;0;1;0;0;1;1;1;0;1;1;0;0,3854680873078788
400;0;1;0;0;1;1;0;0;1;1;0;0,3780339098838451
401;1;0;0;1;0;1;1;1;0;0;0;0,33561597962499
402;0;1;1;1;0;1;1;0;0;0;0;0,2575450758264872
403;0;0;0;1;1;1;1;1;1;1;1;0,4747147381665226
404;1;1;0;0;1;0;0;1;0;0;0;0,28273394101160343
405;0;0;1;0;0;0;1;0;0;1;1;0,3182543584052681
406;0;0;0;0;1;0;1;0;0;0;0;0,2458925481663384
407;0;0;1;0;1;0;0;1;0;0;1;0,3101322087351868
408;1;1;1;1;0;1;0;1;0;1;0;0,3639364939103119
409;0;1;0;0;1;0;1;1;0;0;0;0,2814705867636082
410;1;1;0;1;1;1;0;1;1;1;1;0,4494384040204485
411;1;1;1;0;0;1;0;1;0;0;0;0,32586903025945435
412;1;1;1;0;0;0;1;1;1;0;1;0,4422614596853989
413;1;0;0;0;1;0;1;1;1;1;0;0,4806903601133927
414;0;1;0;0;1;1;0;0;1;1;0;0,3780339098838451
415;0;0;1;1;0;0;1;1;0;1;0;0,3764646208432639
416;0;0;1;0;1;1;0;1;1;1;0;0,4906729004910385
417;0;0;1;1;0;0;1;0;0;0;0;0,26917906369230765
418;0;0;0;1;0;0;0;1;1;1;0;0,4785404781052113
419;1;1;0;1;1;0;0;1;1;1;0;0,4375982832261691
420;0;1;1;0;0;1;1;1;0;0;0;0,3245001325282117
421;1;1;1;1;0;0;0;0;0;0;1;0,24964541940757054
422;1;1;0;0;0;1;0;0;0;1;0;0,29384774361311594
423;0;0;0;1;1;1;0;1;0;1;0;0,34431077945092703
424;0;0;0;0;1;1;0;1;0;0;0;0,30730435439882
425;1;0;0;0;1;0;1;0;0;0;0;0,2529570739364164
426;1;0;0;0;0;1;0;0;1;1;1;0,4360022891269004
427;1;1;1;0;0;1;0;1;1;1;1;0,4968212095309558
428;0;0;1;1;1;1;0;0;1;0;0;0,3622270756556159
429;1;1;0;1;0;0;0;0;1;0;0;0,34291867350034844
430;1;0;1;0;0;1;1;1;0;1;1;0,4049984059390456
431;0;0;0;0;1;0;1;1;1;0;0;0,4212090077969244
432;1;0;1;1;0;1;0;0;0;1;1;0,32261490687549743
433;0;0;0;1;0;1;1;1;0;0;0;0,32725424170934114
434;1;0;1;1;1;0;1;1;0;1;0;0,36316464475771776
435;1;0;1;0;1;0;1;0;1;0;0;0,37513225381536897
436;0;1;0;0;1;1;1;1;1;0;1;0,4066605104122554
437;1;1;1;1;1;1;0;0;1;0;1;0,3461684108600395
438;1;0;1;1;1;0;1;1;0;0;0;0,3176803082649091
439;1;0;0;0;1;0;1;0;0;1;0;0,2931560311901052
440;1;1;0;1;0;1;1;1;0;1;0;0,35708340167293795
441;0;0;1;0;1;1;1;0;0;1;0;0,3081800671784594
442;0;1;0;1;1;1;0;1;0;0;0;0,2779022805712805
443;1;1;1;1;1;1;0;1;1;1;0;0,4646306240342122
444;0;1;0;1;0;1;0;1;1;1;0;0,4635978699023721
445;1;1;0;1;0;0;1;1;1;0;1;0,41887266318430894
446;1;1;1;1;0;1;1;0;0;1;1;0,3061390581166764
447;0;0;0;1;1;1;1;0;0;1;0;0,28821783408073137
448;0;0;1;0;0;1;0;0;0;1;0;0,3218397469791586
449;1;0;0;0;0;0;0;0;1;0;0;0,3756212982368806
450;1;1;1;1;1;0;1;0;1;0;0;0,34244885440367817
451;1;0;1;0;1;1;0;0;1;0;0;0,3790021918544609
452;1;1;1;0;0;1;0;0;0;0;0;0,2653506440656954
453;1;1;1;0;0;0;1;1;0;0;0;0,3222600846729257
454;1;1;0;0;0;1;1;0;1;0;0;0,36896671784952506
455;1;0;1;1;1;1;1;1;0;0;0;0,3281690861478301
456;0;1;1;0;1;1;1;0;1;1;0;0,4000692384419972
457;1;1;0;1;0;1;1;1;0;0;0;0,31198757625316753
458;1;0;0;1;1;0;1;1;1;0;0;0,4220745444364975
459;1;1;1;0;1;1;1;0;1;0;1;0,3611821090861791
460;0;1;1;0;0;0;0;1;1;0;0;0,4252578920920861
461;1;1;0;0;1;1;1;0;1;0;0;0,34717888895510984
462;0;0;1;0;0;1;0;1;0;0;1;0,3414778265107214
463;1;1;0;1;0;1;1;0;1;1;0;0,4090141479344242
464;0;0;1;0;0;0;0;0;0;1;0;0,31145948064519324
465;0;0;1;1;1;1;0;0;0;0;0;0,25405015897601724
466;0;0;1;0;0;1;1;0;1;1;0;0,4495683151935499
467;1;0;1;1;1;0;0;1;1;0;1;0,42934198546566493
468;0;1;0;1;1;1;1;0;1;1;0;0,37740190562512826
469;0;0;1;1;1;0;1;1;0;1;0;0,3544827530468225
470;0;1;1;0;1;0;1;0;0;1;1;0,275964679774278
471;1;0;0;1;0;0;0;1;0;0;1;0,3181325868801486
472;0;0;0;1;1;1;1;0;0;0;0;0,2484580058367627
473;0;0;0;1;1;1;0;1;1;0;1;0,41689703490556185
474;1;0;0;0;0;1;1;1;1;1;1;0,516371357442135
475;0;1;1;1;0;0;1;1;0;0;1;0,3067558450852665
476;0;0;0;1;1;1;0;1;0;1;1;0,34431077945092703
477;1;1;0;1;1;0;0;0;0;1;0;0,2585069858919733
478;1;1;1;0;1;1;0;0;1;1;1;0,4015674123890295
479;1;0;0;1;0;1;1;0;0;1;0;0,31615316502129714
480;0;0;0;0;0;1;1;0;0;1;1;0,3153863022560931
481;0;0;1;0;0;0;0;1;0;1;0;0,3770960061814559
482;1;0;0;0;1;0;0;0;0;1;0;0,2866716866703705
483;1;1;0;0;0;0;0;0;1;1;0;0,3981142721923324
484;0;1;1;0;0;1;0;0;0;0;0;0,2580595593879934
485;0;0;1;0;0;1;1;1;0;1;0;0,39593820912106376
486;1;0;0;1;0;1;1;1;0;0;0;0,33561597962499
487;1;1;1;1;0;0;1;0;0;0;1;0,2555923402533664
488;0;1;1;1;1;1;0;1;1;1;0;0,4552571117583764
489;1;0;1;0;1;0;0;1;1;0;1;0,4377377787027473
490;1;0;1;0;0;0;0;0;0;0;0;0,27720558271999823
491;0;1;1;0;1;0;1;0;0;1;1;0,275964679774278
492;0;0;0;0;1;0;0;1;1;1;0;0,463436984073094
493;1;1;0;0;1;0;1;0;0;0;1;0,2331062990359713
494;1;1;0;1;0;1;1;0;1;0;1;0,36104297031988336
495;0;0;0;0;1;0;0;1;1;0;0;0,41354939395759976
496;1;0;1;0;1;1;0;0;1;0;1;0,3790021918544609
497;1;0;1;0;0;1;1;1;0;1;0;0,4049984059390456
498;1;1;0;0;0;1;0;1;0;1;0;0,35770092897854466
499;1;1;1;0;1;0;0;0;0;1;0;0,2772128555986973
500;0;0;1;0;0;1;1;1;0;1;1;0,39593820912106376
501;0;0;0;1;0;0;1;1;1;0;0;0,4360547105482897
502;0;1;1;1;1;1;0;0;0;1;0;0,2724397082641056
503;1;0;1;1;0;0;0;0;1;1;0;0,4308608022433633
504;0;1;1;1;1;1;0;0;1;1;0;0,3844117894040312
505;1;1;0;0;1;0;1;0;1;1;1;0,38304582769338535
506;0;1;1;1;0;1;1;0;1;0;0;0,3664790358031816
507;1;1;1;1;0;1;1;1;1;1;0;0,4961490324749242
508;0;1;0;0;0;0;0;0;0;0;0;0,2377093091933601
509;1;0;0;0;1;1;0;0;1;1;0;0,41284575561868414
510;0;0;1;1;1;1;1;0;0;1;0;0,30093918824268856
511;0;1;1;1;1;0;1;1;0;0;1;0,2869710019192184
512;0;0;0;0;1;0;0;1;0;0;1;0,2971874525578367
513;0;0;0;1;1;1;1;1;0;1;0;0,3514565231971611
514;0;1;0;0;1;1;1;1;1;0;0;0,4066605104122554
515;1;0;1;0;1;0;1;1;1;1;1;0,49598729552097903
516;0;0;0;1;0;0;0;1;1;0;0;0,428324914534161
517;0;1;0;1;1;0;0;0;0;1;0;0,2513396114842193
518;1;0;1;0;1;0;0;0;0;0;0;0,25861564379346
519;0;0;1;0;0;1;0;0;1;0;0;0,3925246784341295
520;0;0;1;0;1;0;1;0;0;0;0;0,2574213810619277
521;1;0;1;0;0;0;1;1;0;0;0;0,3462749172552808
522;1;0;0;0;1;1;0;1;0;1;1;0,3607254656312555
523;1;1;1;0;1;0;0;0;1;0;0;0,3430545776163697
524;0;0;1;0;1;1;1;0;1;0;0;0,3775350934639494
525;0;0;0;1;0;1;1;1;1;0;0;0,4478863273117969
526;1;0;1;1;1;1;1;1;0;0;0;0,3281690861478301
527;1;0;0;0;1;0;0;0;1;1;1;0,4012670422060774
528;1;1;1;1;1;0;1;1;1;0;1;0,4107204426350154
529;1;0;0;1;1;1;0;0;0;0;0;0,24962466337728625
530;1;1;1;0;0;1;0;1;1;1;1;0,4968212095309558
531;1;1;1;0;1;0;0;0;1;1;0;0,39009485941553207
532;0;1;1;1;0;1;0;0;1;0;0;0,35919702292942984
533;1;0;1;1;0;0;1;0;0;0;1;0,2766671621869973
534;0;0;1;0;1;1;1;1;1;0;0;0,4480354662896407
535;0;1;1;0;1;0;0;0;1;0;0;0,3346008467977786
536;0;0;1;0;1;0;0;1;0;0;0;0,3101322087351868
537;0;1;1;0;0;1;1;1;0;0;1;0,3245001325282117
538;0;1;0;0;0;0;0;1;0;1;1;0,3382574677822401
539;0;0;1;1;1;1;0;0;0;0;0;0,25405015897601724
540;0;0;0;0;1;0;1;0;0;1;0;0,28539773827702786
541;1;0;0;1;0;0;1;0;0;0;0;0,26458350267155456
542;1;0;1;1;0;1;1;1;0;1;0;0,39678741655977146
543;0;0;0;0;1;0;0;1;1;1;1;0,463436984073094
544;1;0;0;0;0;1;0;1;1;1;0;0,5085015872684749
545;1;0;0;0;0;0;0;1;1;1;1;0,496508704303285
546;0;1;0;0;1;0;1;0;0;1;0;0,2639005079187086
547;0;0;1;1;1;0;0;0;1;0;0;0,3512188209882125
548;1;1;0;0;1;0;1;1;0;1;1;0,33255684572223243
549;0;1;1;0;0;0;0;0;1;1;1;0,4037557996986989
550;0;0;0;0;0;0;1;1;1;1;1;0,494949279243188
551;1;0;0;0;0;1;1;0;1;1;0;0,4437630856947291
552;1;0;0;0;1;0;1;0;0;1;0;0,2931560311901052
553;1;0;0;0;0;0;1;1;0;1;0;0,3789795372220092
554;1;1;0;1;0;1;1;0;0;0;1;0,2530793546327301
555;0;1;1;1;1;0;1;1;1;1;1;0,4511742431351322
556;1;1;0;0;1;1;1;0;1;0;1;0,34717888895510984
557;0;1;0;0;1;0;1;0;1;0;0;0,3280152860255103
558;0;1;1;1;0;0;1;0;1;1;0;0,4031086637755839
559;1;0;1;0;1;1;0;1;0;0;0;0,32876217982571376
560;0;0;1;0;1;0;1;1;1;0;0;0,4362030224180003
561;1;1;0;1;0;0;0;1;0;1;0;0,33905240056164554
562;1;0;1;0;1;1;1;1;1;1;1;0,5079802907738811
563;1;1;0;0;1;1;1;0;0;0;0;0,24179223941400566
564;0;1;1;1;0;1;1;0;0;0;0;0,2575450758264872
565;0;1;0;1;1;1;0;1;1;1;0;0,4401194206799185
566;1;1;1;1;0;1;1;1;1;0;0;0,4456648966321781
567;1;1;1;0;1;0;1;1;0;1;0;0,3462831340923672
568;1;1;1;0;1;1;0;0;0;1;1;0,2869273842714232
569;1;1;0;0;0;1;1;1;0;0;1;0,3193728406089853
570;0;1;0;0;0;0;1;0;0;1;1;0,28272546607301896
571;0;1;1;0;0;0;0;0;0;1;0;0,28879251756331525
572;1;1;1;1;1;1;1;1;1;1;1;0,4724741137183651
573;0;1;1;1;0;0;0;1;0;0;0;0,3000983996012372
574;1;1;1;0;1;0;0;0;1;0;1;0,3430545776163697
575;1;0;1;1;0;0;1;1;0;1;0;0,3853634857596356
576;0;0;1;0;1;0;1;0;1;1;0;0,4145466795957509
577;1;0;1;1;1;1;1;0;1;1;0;0,4271040349079672
578;1;0;0;1;1;0;1;0;0;1;1;0,28612215824344195
579;1;0;0;1;0;0;1;1;1;0;0;0,4453560891110722
580;1;1;0;1;1;1;1;0;1;1;0;0,38630919968652
581;1;0;1;1;1;0;1;0;0;1;0;0,2987898424200929
582;1;1;0;0;1;0;1;1;1;0;1;0,4041926692841884
583;1;1;0;1;1;0;1;0;1;1;1;0,3749994029780445
584;1;0;0;0;1;0;0;1;1;1;1;0,4728327289778676
585;0;1;1;0;0;0;0;0;1;0;1;0,3560298110516164
586;1;1;0;1;1;1;0;0;1;1;0;0,3788688014704407
587;0;0;0;1;1;0;1;0;0;0;1;0,23960828260735956
588;0;1;0;1;0;1;1;1;0;1;1;0,3484673398458864
589;0;1;0;0;0;1;1;1;0;1;0;0,3562689812929459
590;1;1;1;1;0;1;1;1;1;1;0;0,4961490324749242
591;1;1;0;1;0;0;0;0;1;0;0;0,34291867350034844
592;0;0;1;0;0;1;1;1;1;1;1;0,5222346503255534
593;1;0;0;0;0;0;0;1;1;0;0;0,4460203679236902
594;0;0;1;0;1;1;1;0;0;1;1;0,3081800671784594
595;0;1;1;0;1;0;0;0;1;1;0;0,381154490839686
596;1;1;0;1;1;1;1;1;1;0;1;0,4075172004782096
597;0;0;0;0;0;0;0;1;1;1;1;0,4870771810609781
598;0;1;0;0;0;1;1;1;1;1;1;0,4799659006078429
599;0;0;0;1;1;1;0;1;0;0;0;0,3000751263397219
600;0;1;1;1;0;0;1;0;1;1;0;0,4031086637755839
601;1;1;1;1;0;1;1;0;0;1;0;0,3061390581166764
602;1;1;1;1;1;1;0;0;0;0;0;0,2409752696586864
603;1;1;0;0;0;1;1;1;0;1;0;0,3649698861744219
604;0;1;1;1;0;0;1;1;0;1;0;0,35148178033042005
605;0;1;0;1;0;1;0;0;1;1;0;0,3923895360213361
606;0;0;0;0;1;0;1;1;0;1;1;0,3483204635230829
607;1;1;1;0;1;1;0;0;1;0;0;0,35394654375196466
608;0;1;0;0;1;0;0;1;1;0;0;0,3876354886353105
609;0;1;0;1;0;1;1;1;1;1;0;0,4714392777324426
610;1;1;0;1;0;1;0;0;0;0;0;0,24717148964704666
611;0;0;0;1;0;0;0;0;0;0;0;0,2513327813703369
612;1;0;1;0;1;0;0;0;1;0;0;0,3677781168186797
613;0;0;1;0;1;0;0;0;1;0;0;0,35904811638553363
614;1;0;0;1;1;1;0;1;0;1;1;0,352879731461887
615;1;1;1;1;0;0;0;0;1;1;0;0,404610543374596
616;1;0;0;0;0;0;0;0;0;0;1;0,265107026032101
617;0;0;0;1;1;0;0;0;0;1;1;0,2721919931943924
618;1;1;1;1;1;0;0;0;0;0;0;0,2323096853452964
619;0;1;0;1;0;1;1;0;0;0;0;0,24601253845599705
620;1;0;0;1;1;1;1;0;1;0;0;0,3640797475131757
621;0;0;1;1;1;0;0;0;1;0;1;0,3512188209882125
622;1;1;1;0;0;1;1;1;1;1;0;0,5046958336353283
623;1;0;0;0;1;0;1;1;1;0;1;0,4304354170510343
624;1;1;0;1;1;0;1;0;1;0;0;0,3287981084132923
625;1;0;0;1;0;0;0;0;1;0;0;0,3676378993946869
626;1;1;1;0;1;0;0;0;1;1;1;0,39009485941553207
627;0;1;1;1;1;0;0;0;1;0;0;0,3270326429977176
628;0;0;1;0;0;1;1;0;1;0;0;0,4000605263834488
629;1;1;0;0;0;0;1;0;1;1;0;0,40568576652300825
630;1;1;1;0;0;1;1;1;0;1;1;0,37927379227994334
631;0;0;0;1;0;1;1;1;0;0;0;0,32725424170934114
632;0;1;1;1;0;1;1;1;1;0;0;0,43636214266200457
633;0;1;1;0;1;0;0;1;0;1;1;0,3307811442017577
634;1;0;1;1;1;1;0;0;0;0;1;0,26126785449120665
635;0;1;0;0;1;1;1;0;1;0;1;0,3386759199133044
636;1;0;1;0;0;0;1;0;1;0;0;0,3976058979133483
637;0;1;1;1;0;1;1;1;1;1;1;0,4867177368443503
638;1;1;1;1;0;1;1;1;1;0;0;0,4456648966321781
639;1;0;0;1;0;0;1;0;1;1;1;0,4235867354574027
640;0;1;0;1;0;1;1;1;1;0;0;0,4213667462761068
641;0;1;0;0;1;0;1;1;0;0;0;0,2814705867636082
642;1;1;0;0;1;0;0;1;0;1;0;0,32560244575831104
643;0;0;1;0;0;1;1;0;0;1;1;0,3287529575641118
644;1;1;0;0;0;1;1;1;0;0;0;0,3193728406089853
645;1;1;0;0;0;1;0;1;0;1;0;0,35770092897854466
646;1;1;1;0;1;0;1;0;0;1;1;0,2835682994137201
647;0;1;1;0;1;0;1;1;1;0;0;0,4098616769730882
648;1;1;0;0;1;1;1;0;1;0;0;0,34717888895510984
649;1;1;1;1;0;1;0;1;0;0;0;0,31840382042365445
650;0;1;0;0;1;0;0;0;0;0;0;0,22095835949705905
651;0;1;0;1;1;0;0;0;0;1;1;0,2513396114842193
652;1;1;0;0;0;0;0;0;0;1;1;0,28399222657072426
653;1;1;1;0;0;1;1;1;0;1;1;0,37927379227994334
654;0;1;0;1;1;1;0;0;0;1;0;0,2604741977187395
655;1;0;0;1;0;1;1;0;1;1;0;0,4353412056149691
656;0;1;0;0;1;1;1;0;1;1;1;0,3854680873078788
657;1;0;0;1;0;0;1;1;0;1;1;0,3709671697795976
658;1;1;0;0;1;0;0;0;0;0;1;0,22752265729931154
659;1;0;0;1;0;0;0;1;1;1;0;0,4879639578122663
660;0;1;1;0;1;0;1;1;1;1;0;0,4596530832623312
661;1;1;1;1;0;1;1;0;0;0;0;0,2648268129827183
662;1;0;0;0;0;1;0;1;0;0;1;0,3362157965999205
663;1;1;1;0;1;1;0;1;1;1;0;0,4731443360293866
664;1;1;1;1;0;0;1;0;0;1;0;0,29604412383715845
665;0;1;1;1;0;1;1;0;1;0;0;0,3664790358031816
666;0;1;1;1;0;1;1;1;0;0;0;0,31705153349039034
667;1;1;1;0;1;1;0;1;0;0;1;0,30539450329844203
668;0;1;1;0;1;0;0;1;1;0;1;0,4022649977871513
669;1;1;0;1;1;0;0;0;1;0;0;0,3218844036654647
670;1;0;1;0;1;0;1;1;1;1;0;0,49598729552097903
671;1;1;0;0;0;0;0;0;1;1;1;0,3981142721923324
672;0;0;1;0;0;0;1;1;1;1;0;0,5102541271246389
673;0;0;1;0;1;1;0;1;1;0;1;0,4402590906991828
674;0;1;1;1;0;1;1;0;0;0;1;0,2575450758264872
675;0;1;1;1;0;0;1;0;1;1;0;0,4031086637755839
676;1;0;0;0;1;1;1;0;1;0;0;0,3720313372326688
677;1;0;0;1;1;1;0;1;1;1;1;0,4762705303065715
678;0;0;1;1;0;0;0;1;0;0;0;0,3232494239249117
679;1;0;1;0;1;0;0;0;0;0;0;0,25861564379346
680;1;1;1;1;1;0;1;1;0;1;0;0,33858514900450865
681;0;0;0;0;1;1;1;1;0;0;1;0,3140499288889575
682;1;1;1;0;0;1;0;1;1;1;0;0,4968212095309558
683;0;0;0;0;0;1;0;1;0;1;0;0,3739885722809189
684;0;1;0;0;0;1;0;1;0;1;1;0,3490780571151397
685;0;1;0;1;1;1;1;1;0;1;0;0,32726223314939284
686;0;0;0;0;1;0;0;1;0;1;0;0,3412049358537549
687;0;1;1;0;1;0;0;1;0;1;1;0,3307811442017577
688;0;0;1;1;0;0;0;0;0;1;1;0,3041754275910327
689;0;1;1;0;0;1;1;1;0;1;1;0,3704307997152277
690;0;0;1;1;1;1;1;1;1;1;0;0,4900009412869569
691;1;0;0;0;1;1;1;0;0;0;0;0,2621298622841558
692;0;1;0;1;1;1;1;1;0;1;0;0,32726223314939284
693;1;0;1;0;1;1;0;0;0;0;0;0,2679200341714609
694;1;1;0;1;1;1;1;0;1;0;1;0,33947133161080256
695;1;1;0;1;1;1;1;0;0;1;0;0,2740304648910364
696;0;1;0;0;1;0;1;1;0;1;1;0,32423412927116324
697;0;1;1;0;0;0;0;0;0;0;0;0,24898114277301264
698;0;1;1;1;0;0;0;1;1;1;1;0,4668945515087698
699;1;0;1;1;0;1;0;1;0;1;1;0,3892732184429287
700;1;0;0;0;1;1;1;0;1;1;1;0,42050168161874696
701;0;1;1;1;1;0;0;1;0;0;0;0,2805691614208513
702;0;0;1;1;0;0;1;1;0;0;0;0,3301781721212129
703;0;0;1;1;0;1;1;0;1;1;1;0,4411236346913287
704;0;0;1;0;0;1;1;1;1;1;0;0,5222346503255534
705;0;1;0;1;0;1;1;0;0;0;1;0,24601253845599705
706;1;0;1;0;0;1;1;0;0;1;1;0,3371337991594777
707;0;1;1;1;0;0;0;1;1;0;0;0,4169239715974473
708;0;1;0;1;1;1;0;1;1;1;0;0,4401194206799185
709;1;0;0;0;0;1;0;1;1;1;0;0,5085015872684749
710;1;1;1;0;0;1;0;0;0;1;0;0,3067105138107465
711;0;1;1;1;0;0;1;0;1;1;0;0,4031086637755839
712;1;1;1;0;1;1;1;1;1;0;1;0,43074191339667656
713;0;0;1;1;1;1;0;0;1;0;1;0,3622270756556159
714;1;0;0;1;0;1;0;0;0;0;1;0,26780176157374513
715;0;1;1;0;1;1;1;0;0;0;1;0,24612442274346816
716;1;1;0;1;0;0;0;1;1;1;0;0,4610529925868061
717;1;0;0;1;0;0;1;1;0;1;1;0,3709671697795976
718;1;1;0;0;0;1;1;0;0;1;0;0,3004260442288719
719;0;0;0;0;1;0;0;0;0;1;1;0,2790172607975232
720;0;0;0;0;1;1;1;0;1;0;0;0,3632583861150736
721;1;1;0;1;0;1;0;0;0;0;1;0,24717148964704666
722;1;0;1;0;0;1;0;0;1;0;1;0,4015586895428207
723;1;0;0;0;1;0;1;0;1;0;0;0,3608937295092972
724;1;0;0;0;1;0;0;0;0;0;0;0,2470511193051374
725;0;1;1;0;1;1;0;1;0;0;1;0,2974486185682106
726;1;0;1;1;1;1;1;0;0;0;0;0,2673929769997905
727;1;0;0;1;1;1;0;1;1;0;1;0,4260985265183042
728;0;0;0;0;1;1;0;1;0;0;1;0,30730435439882
729;0;0;0;1;0;0;1;0;0;1;1;0,2979205804333067
730;1;1;1;1;0;1;1;0;1;0;0;0,3752839252161523
731;0;1;1;1;0;0;0;1;1;1;0;0,4668945515087698
732;1;0;0;0;1;1;0;0;1;0;0;0,36470251060916176
733;0;1;1;1;0;1;1;1;0;0;0;0,31705153349039034
734;1;1;0;0;0;0;1;1;0;0;0;0,30903588165127666
735;0;1;0;1;1;0;0;1;1;1;1;0,4283338026519684
736;1;1;0;1;0;0;1;1;0;0;0;0,30178366623390784
737;0;0;0;0;1;1;0;0;1;1;1;0,4037291246934685
738;0;0;1;1;0;1;0;0;0;0;1;0,2724325134118893
739;0;1;1;1;1;1;0;1;0;0;1;0,2903540586091065
740;0;0;0;0;0;1;1;1;1;1;1;0,5069424203927334
741;1;0;1;0;1;1;1;1;0;0;0;0,33575046841046724
742;0;1;0;1;0;0;0;0;1;1;0;0,381012247033905
743;1;0;0;1;1;1;0;0;1;0;0;0,3568185573223736
744;0;1;1;1;1;1;1;0;1;0;0;0,3447578497414483
745;1;0;0;0;0;1;1;1;1;1;1;0,516371357442135
746;1;1;1;0;0;1;0;0;1;0;0;0,3759145241708353
747;0;0;0;0;1;1;1;0;0;1;0;0,2952819161580821
748;0;0;1;0;1;1;0;0;0;1;1;0,3015051553072126
749;0;0;1;0;1;1;0;0;1;1;0;0,41855086984830414
750;0;1;0;0;0;0;1;0;1;1;1;0,396620442847845
751;1;1;1;0;0;1;0;0;1;1;1;0,4245487539939759
752;0;1;0;1;1;0;1;1;0;0;0;0,2746081640590933
753;1;0;0;0;0;1;0;0;0;0;0;0,2745584720972745
754;1;0;0;0;1;0;1;0;1;0;0;0,3608937295092972
755;0;0;1;0;0;1;1;0;1;1;0;0,4495683151935499
756;0;1;0;0;0;1;1;1;0;1;0;0,3562689812929459
757;0;1;1;1;0;0;1;1;1;0;1;0,4246008350579048
758;0;0;1;0;0;0;1;0;0;1;0;0,3182543584052681
759;0;1;1;0;0;0;1;1;0;1;0;0,3593136911092735
760;0;0;1;1;0;1;0;1;0;1;0;0,3803399376604741
761;1;1;0;0;1;1;1;0;0;0;0;0,24179223941400566
762;0;0;1;1;0;0;0;0;0;0;0;0,2630277168061061
763;1;0;1;1;1;0;0;1;1;1;0;0,4795767586543893
764;1;0;1;1;1;1;0;0;1;0;0;0,3709896315753136
765;0;1;1;0;0;0;1;0;0;1;0;0,2953049745131054
766;1;0;1;1;0;1;0;0;0;0;1;0,2799764448028268
767;0;0;0;0;0;0;0;1;1;1;1;0,4870771810609781
768;1;0;1;1;1;0;1;0;1;1;0;0,41540835169380935
769;0;0;1;0;0;0;0;0;1;0;0;0,381145928992317
770;1;0;1;0;0;1;0;1;1;0;0;0,4731352876470005
771;1;0;1;1;1;1;0;0;1;1;0;0,4194149024224581
772;1;0;1;0;1;1;1;0;1;1;0;0,43548946220713497
773;0;0;1;1;1;1;1;0;1;1;0;0,41789664081401773
774;1;0;0;0;0;0;1;1;1;1;0;0,5043833402650563
775;1;1;1;0;0;1;1;1;0;1;0;0,37927379227994334
776;0;0;1;1;0;0;0;1;1;1;1;0,4938340572853442
777;0;1;0;1;1;1;1;1;0;0;1;0,28426731393890314
778;1;1;1;1;0;0;0;1;1;0;0;0,4261256232637752
779;0;1;1;0;0;1;0;1;0;1;0;0,3631152711536177
780;1;0;1;1;1;0;0;1;1;1;1;0,4795767586543893
781;0;0;0;1;0;0;1;0;0;0;0;0,2573061141307887
782;0;1;0;1;0;1;1;0;0;0;0;0,24601253845599705
783;1;1;1;0;0;0;1;0;1;0;1;0,3720572247174584
784;0;0;1;0;0;1;1;1;1;0;1;0,4715805152895953
785;1;0;0;1;0;1;0;1;1;1;0;0,4999553913233941
786;0;0;0;0;0;0;0;0;0;1;1;0,29848329444797994
787;0;1;0;1;0;1;0;0;1;1;1;0,3923895360213361
788;0;0;0;0;0;0;0;1;0;0;0;0,31736315102905993
789;1;1;1;0;0;1;0;1;1;0;0;0,4463292653953431
790;1;0;1;0;0;1;0;0;0;0;0;0,286919957698174
791;1;0;1;1;1;1;1;1;0;1;0;0,3743312871834573
792;0;0;0;0;0;0;0;0;1;1;1;0,41505297711386063
793;1;0;0;0;0;0;1;1;1;1;0;0,5043833402650563
794;1;0;1;0;1;1;0;1;0;1;0;0,3749612461787552
795;0;0;1;1;1;1;0;0;0;1;0;0,2943543792576149
796;0;0;1;1;1;1;1;0;1;0;1;0,3695350926851576
797;0;1;1;1;0;1;1;0;1;0;1;0,3664790358031816
798;0;1;0;1;0;1;0;0;1;0;1;0,3452291734725762
799;1;1;1;0;0;0;1;1;0;0;1;0,3222600846729257
800;0;0;0;0;1;1;0;1;1;0;1;0,4252308096386467
801;1;0;0;0;1;0;1;0;0;0;0;0,2529570739364164
802;1;0;1;0;1;0;0;0;0;0;0;0,25861564379346
803;0;1;1;0;1;1;0;1;0;0;0;0,2974486185682106
804;0;0;1;1;0;0;1;1;1;1;0;0,5017085430473627
805;0;0;1;1;1;1;1;0;1;0;0;0,3695350926851576
806;1;0;0;0;0;1;0;0;1;1;0;0,4360022891269004
807;1;0;1;1;0;1;0;1;1;1;1;0,5152571109216548
808;0;1;1;1;0;1;1;0;1;0;1;0,3664790358031816
809;1;1;0;1;0;1;1;0;1;1;1;0,4090141479344242
810;0;0;1;0;1;1;0;0;1;1;0;0,41855086984830414
811;1;0;1;0;0;0;1;1;1;0;0;0,4690301341926377
812;1;0;1;0;0;0;0;0;0;1;0;0,3196093747285628
813;0;0;0;0;0;0;0;1;0;0;1;0,31736315102905993
814;1;0;1;0;1;0;0;1;0;0;1;0,3182634257954477
815;1;1;1;0;0;1;0;0;1;0;0;0,3759145241708353
816;0;0;1;1;1;0;0;1;0;0;0;0,30286554263112553
817;0;1;0;0;0;1;0;0;1;1;0;0,4005699521616154
818;1;1;0;1;0;0;0;1;1;0;1;0,4112253494647463
819;1;0;0;0;0;1;1;0;1;0;0;0,3944364747195917
820;0;1;1;1;1;1;0;1;1;0;1;0,4055844668676669
821;1;0;0;1;1;1;0;1;0;0;1;0,3080604085071684
822;0;1;1;0;1;1;0;0;0;0;0;0,24032667422704626
823;1;0;1;0;1;1;1;1;0;0;0;0,33575046841046724
824;0;0;1;1;1;0;1;0;0;0;0;0,2509405200970204
825;0;0;0;1;0;1;1;0;0;1;0;0,3080515004527835
826;0;1;0;0;0;1;0;1;0;0;0;0,3045143709305212
827;1;0;0;1;1;1;1;1;1;1;1;0,4841328251641335
828;1;0;0;1;1;1;0;1;0;0;0;0,3080604085071684
829;0;1;0;0;0;0;1;0;0;0;0;0,2434641514621912
830;1;0;0;0;1;0;0;1;1;0;1;0,4227305642144949
831;1;1;1;0;0;0;0;0;0;0;0;0,2561042685195271
832;1;0;0;0;1;1;1;0;0;1;0;0,3031948996520972
833;1;0;0;0;1;1;0;1;1;0;0;0,4344791841269201
834;0;0;0;1;0;0;1;0;1;0;1;0,3661888513091222
835;0;0;0;0;0;1;1;1;0;0;0;0,3348250222725066
836;0;1;1;0;1;1;1;0;0;0;0;0,24612442274346816
837;1;1;0;0;0;0;0;1;0;1;0;0,34675543955016913
838;1;0;1;0;0;0;0;1;0;0;1;0,3391794275465625
839;0;0;1;0;1;0;0;1;1;0;0;0,42847259483930455
840;0;0;0;0;0;1;1;0;0;0;0;0,2733177284456005
841;1;1;1;0;0;0;1;0;1;1;0;0,42052868324651577
842;1;0;1;1;1;0;0;1;1;1;1;0,4795767586543893
843;0;1;1;1;1;1;1;1;0;0;0;0,29688702965513325
844;0;0;1;0;1;1;0;0;1;0;0;0,3701617554980819
845;1;1;1;1;1;0;1;1;0;0;0;0,2947544220665134
846;1;0;1;1;0;0;1;1;1;1;1;0,5111410504550024
847;0;1;1;1;0;1;1;1;1;0;0;0,43636214266200457
848;0;0;1;1;0;1;0;1;1;1;1;0,5058272399829523
849;1;0;0;1;1;1;1;0;1;1;0;0,4121941224111948
850;1;1;0;1;0;1;0;0;1;1;0;0,4014224921232123
851;0;0;1;1;0;0;1;0;0;0;1;0,26917906369230765
852;1;0;0;0;1;0;0;1;1;0;0;0,4227305642144949
853;1;1;0;1;1;0;1;1;1;1;1;0,4453650553142438
854;1;1;0;0;1;1;0;0;0;0;0;0,2360645852585925
855;0;1;1;0;0;1;0;1;0;1;0;0,3631152711536177
856;0;1;0;0;1;1;0;0;0;1;1;0,2671134766564093
857;0;1;1;0;1;1;0;1;1;1;0;0,4637478462128658
858;1;0;0;1;0;1;1;0;0;1;0;0,31615316502129714
859;1;1;0;1;0;1;1;1;1;1;0;0,4808518678455481
860;1;1;1;1;0;1;1;0;0;0;0;0,2648268129827183
861;0;0;0;1;0;0;1;0;0;1;0;0,2979205804333067
862;0;1;1;1;0;0;0;0;1;1;1;0,3955532550928408
863;0;0;1;1;0;0;1;0;0;0;0;0,26917906369230765
864;1;1;1;1;0;1;0;1;0;0;0;0,31840382042365445
865;0;1;1;0;0;0;0;1;1;1;0;0,4754129092572013
866;1;1;0;0;0;1;1;1;0;0;0;0,3193728406089853
867;1;1;1;1;1;1;1;0;0;0;0;0,2467835821757619
868;0;0;1;1;1;1;1;1;0;1;0;0,36553567058006
869;1;1;0;0;1;1;0;1;1;0;1;0,4081665740991947
870;1;0;0;1;0;1;1;0;1;1;0;0,4353412056149691
871;0;1;1;1;1;1;0;1;0;1;1;0,3338401859809365
872;0;0;0;1;1;0;1;0;0;0;1;0,23960828260735956
873;0;1;1;0;0;1;0;1;1;1;0;0,4873894964455998
874;0;1;0;1;1;0;0;0;1;0;0;0,3137032446835881
875;1;0;0;1;1;0;0;1;0;1;0;0,3420032155052521
876;1;1;0;0;0;0;1;0;0;0;1;0,2504820830550711
877;0;1;1;0;1;1;0;1;0;1;1;0,34148598897851234
878;1;0;0;1;1;0;1;0;0;1;1;0,28612215824344195
879;0;0;1;0;1;1;0;0;0;0;0;0,26058339190634866
880;1;1;1;0;1;0;0;0;1;1;0;0,39009485941553207
881;1;1;0;0;1;1;1;1;0;0;1;0,2991253644100296
882;1;0;0;0;0;0;1;0;1;1;1;0,4319551739915576
883;1;0;0;0;0;1;1;0;0;0;0;0,28087670930899616
884;0;0;0;0;0;0;1;0;0;0;0;0,26389345678269016
885;1;0;0;0;1;0;0;0;0;1;0;0,2866716866703705
886;1;0;1;0;0;0;1;1;1;0;0;0,4690301341926377
887;1;1;0;1;1;1;1;1;1;0;0;0,4075172004782096
888;0;0;0;0;0;1;0;0;1;1;0;0,4267459587541156
889;1;1;0;1;0;1;1;1;1;1;0;0,4808518678455481
890;0;0;1;1;1;1;1;0;0;0;0;0,2600656403809077
891;0;1;1;0;0;0;1;0;0;1;0;0,2953049745131054
892;1;1;0;0;1;0;1;1;1;0;0;0,4041926692841884
893;0;0;0;0;1;0;0;0;1;1;1;0,39223529193504425
894;1;0;0;1;0;0;0;1;0;0;0;0,3181325868801486
895;0;0;1;0;0;0;1;0;0;0;0;0,2759574271397674
896;1;0;1;1;1;0;1;1;1;1;1;0,4874428350471088
897;0;0;1;0;1;1;0;1;0;1;0;0,3661594901064665
898;0;0;0;0;1;0;1;0;0;0;0;0,2458925481663384
899;1;0;0;1;1;0;1;1;1;1;1;0,4721625524887876
900;1;1;1;0;1;0;1;1;1;0;0;0,4190194732314696
901;1;1;1;0;1;1;1;0;0;0;1;0,2531933735900806
902;0;1;1;0;1;1;0;1;0;1;1;0,34148598897851234
903;0;0;0;0;1;1;1;0;0;1;1;0,2952819161580821
904;1;0;0;1;0;0;1;0;0;0;0;0,26458350267155456
905;1;0;1;1;1;0;0;1;0;1;0;0,35591149075547984
906;0;0;1;1;0;1;0;0;1;0;0;0,3844031998376497
907;0;0;0;1;0;1;0;0;0;1;0;0,3013781601480963
908;0;0;1;0;1;0;0;1;0;0;0;0,3101322087351868
909;1;0;0;1;1;1;0;0;0;0;1;0,24962466337728625
910;1;1;1;1;0;1;0;1;1;0;1;0,43789702396661295
911;0;1;0;1;0;1;0;0;1;1;1;0,3923895360213361
912;1;1;0;1;0;0;0;1;1;0;0;0,4112253494647463
913;1;0;0;1;0;0;0;0;0;1;0;0,2992270211251474
914;0;0;0;1;0;0;1;0;1;0;0;0,3661888513091222
915;0;0;1;0;1;0;1;1;0;1;0;0,3623441715030254
916;1;0;1;0;1;1;1;0;0;1;0;0,3162835674667946
917;1;1;1;0;1;0;1;1;0;0;0;0,30191075842278026
918;1;0;1;0;1;0;1;1;1;1;1;0,49598729552097903
919;1;0;0;0;1;1;0;0;0;1;0;0,2965816737872719
920;1;1;1;1;1;1;0;1;1;1;1;0,4646306240342122
921;1;0;1;1;1;0;1;1;1;1;1;0,4874428350471088
922;1;1;1;0;0;1;0;0;0;1;1;0,3067105138107465
923;1;1;1;1;1;1;0;0;1;1;0;0,3933799941724503
924;0;0;1;0;0;1;0;0;1;1;0;0,4417866289550723
925;0;1;0;0;1;1;0;0;0;1;0;0,2671134766564093
926;0;1;0;0;0;1;1;0;0;1;0;0,2925549842298089
927;1;1;1;0;1;0;1;1;1;1;0;0,4690391739584309
928;1;1;1;0;1;1;0;0;1;0;0;0,35394654375196466
929;1;1;1;1;0;0;0;1;1;1;1;0,47629816967195204
930;1;0;1;0;0;1;0;0;0;0;0;0,286919957698174
931;0;1;0;0;0;0;0;0;0;1;1;0,2763816249086947
932;0;0;0;1;0;0;1;0;1;1;1;0,41440031887532186
933;1;0;0;0;1;0;1;0;1;0;1;0,3608937295092972
934;1;0;1;0;1;1;1;0;1;1;1;0,43548946220713497
935;1;1;1;0;0;1;0;0;1;0;0;0,3759145241708353
936;0;0;0;0;0;1;1;0;0;1;0;0,3153863022560931
937;0;0;1;0;1;0;0;0;1;1;1;0,4069230413843982
938;1;1;0;1;1;1;1;0;0;0;0;0,23558002887102344
939;0;0;1;0;1;0;0;1;1;1;1;0,4786909745038085
940;0;0;1;0;0;1;0;0;0;1;1;0,3218397469791586
941;1;1;1;0;1;1;1;1;0;1;1;0,3572218676073989
942;1;1;1;1;1;0;0;0;0;1;0;0,2704151720271984
943;1;1;0;0;0;1;1;1;0;1;1;0,3649698861744219
944;1;0;0;1;1;0;1;0;0;0;0;0,24655128969622214
945;1;0;0;1;1;0;0;1;0;0;0;0,2979293216661976
946;1;1;0;0;1;0;1;0;1;0;1;0,3363867463373228
947;1;1;1;0;1;1;1;1;1;0;1;0,43074191339667656
948;1;1;1;0;1;0;1;0;0;0;0;0,24422979526869404
949;1;1;0;0;0;0;0;0;0;0;0;0,2446149922092699
950;1;1;1;0;0;0;0;1;0;0;0;0,31541925174121715
951;0;0;1;1;0;1;1;0;1;1;1;0,4411236346913287
952;1;0;0;0;0;0;0;1;1;0;0;0,4460203679236902
953;0;1;0;0;0;0;0;0;1;0;0;0,34211936805970955
954;0;1;1;0;0;1;0;1;0;0;0;0,317634034153711
955;0;1;1;0;0;1;0;1;1;0;1;0,4370235766109252
956;1;0;0;0;1;0;1;0;0;1;0;0,2931560311901052
957;0;1;0;0;1;1;1;1;1;1;0;0,4563637620835685
958;0;0;0;1;1;0;0;0;1;1;0;0,38411601485441577
959;1;0;0;0;0;0;1;0;1;1;1;0,4319551739915576
960;0;0;0;0;0;0;0;0;0;1;0;0,29848329444797994
961;0;0;0;0;1;1;0;0;1;1;0;0,4037291246934685
962;0;0;1;0;0;0;1;1;0;1;1;0,3845231423033221
963;1;0;1;0;1;0;1;0;1;0;0;0,37513225381536897
964;1;0;0;1;1;0;0;1;1;1;0;0,464319682517698
965;1;0;1;0;0;0;1;1;0;0;1;0,3462749172552808
966;0;0;0;0;1;0;1;1;1;1;0;0,4712780615173173
967;1;1;1;0;0;0;1;1;1;1;0;0,492702730736827
968;1;1;0;0;0;1;0;0;1;1;0;0,4096642575925834
969;1;0;0;0;1;1;0;0;1;1;0;0,41284575561868414
970;1;1;1;0;0;0;1;0;0;1;0;0,3032183100549085
971;1;1;1;1;0;0;0;1;0;1;0;0,3529050352184141
972;1;0;0;0;1;0;1;1;0;0;0;0,3118487163520516
973;0;0;0;0;1;1;0;0;1;0;1;0,3560044065077197
974;0;1;1;1;1;1;0;1;1;0;0;0,4055844668676669
975;0;1;0;0;1;0;0;1;1;1;1;0,436724968782628
976;0;0;0;1;0;0;1;1;1;0;1;0,4360547105482897
977;1;1;1;1;0;0;0;0;0;0;0;0,24964541940757054
978;1;0;0;1;0;0;0;1;1;0;1;0,4375893500204827
979;0;1;0;1;0;0;0;1;0;1;0;0,3306476551031879
980;1;1;1;1;0;0;0;1;0;1;0;0,3529050352184141
981;1;0;0;0;0;0;0;1;0;1;1;0,3715948297541792
982;1;0;0;0;1;1;0;1;1;0;0;0,4344791841269201
983;0;1;0;0;1;1;1;1;0;1;0;0,33483310657367554
984;1;0;1;1;0;0;1;1;0;1;0;0,3853634857596356
985;1;0;0;0;0;1;0;1;0;1;0;0,3828648464070559
986;1;1;0;1;0;1;1;0;0;0;0;0,2530793546327301
987;1;1;0;0;0;1;0;1;0;0;0;0,3125650312305265
988;1;0;0;0;1;1;0;0;0;1;0;0,2965816737872719
989;0;0;0;1;0;0;0;0;1;0;1;0,3589093378277296
990;1;0;1;1;0;1;0;1;0;1;0;0,3892732184429287
991;0;1;1;1;1;1;1;0;0;1;0;0,2787279213482713
992;1;0;0;1;0;0;1;0;1;0;0;0,3749908956122224
993;0;0;0;1;0;0;0;1;1;0;0;0,428324914534161
994;0;0;0;0;0;1;1;1;0;0;0;0,3348250222725066
995;1;1;1;1;1;1;0;0;0;0;1;0,2409752696586864
996;0;0;1;1;0;1;0;0;0;0;0;0,2724325134118893
997;0;1;1;0;0;0;1;1;1;1;0;0,4832741105107424
998;1;1;0;0;1;0;0;1;1;0;1;0,39663044399549496
999;0;1;0;1;0;0;0;0;1;0;1;0,3344665866360278
